Model,MAE,RMSE,R2,CV_R2
LinearRegression,9473.935110851075,13559.44936975194,0.916328347749785,0.8447051517230945
Ridge,9478.29108106869,13571.777285931088,0.9161761341910762,0.8448067969628607
Lasso,9473.928194318198,13559.45234743689,0.9163283110008227,0.8447054672719327
RandomForest,1781.3020019607811,2733.556597244854,0.9965994405022964,0.9683899038421568
XGBoost,2936.80792608124,4212.183691828778,0.9919256263656884,0.9846863853425731
