Model,MAE,RMSE,R2,CV_R2
LinearRegression,9473.935110851075,13559.449369751936,0.9163283477497851,0.8447051517230942
Ridge,9478.291081068692,13571.777285931092,0.9161761341910761,0.8448067969628607
Lasso,9473.928194318198,13559.452347436894,0.9163283110008227,0.8447054672719327
RandomForest,1781.3020019607811,2733.556597244854,0.9965994405022964,0.9683899038421568
XGBoost,2936.80792608124,4212.183691828778,0.9919256263656884,0.9846863853425731
